,弹幕
0,买了之后发现一天一充真的不麻烦
1,天天带着睡，并没有不舒服
2,这玩意要是系统崩溃，整辆车会不会也崩溃了
3,感觉最强的是整个苹果生态同步联动
4,后期配音或者降噪处理
5,iOS10:老子又回来了
6,空白通行证
7,说ECG不能用的估计连表都没有，换个话术再来黑吧
8,sleepcycle、autosleep 痛失市场
9,弹幕好酸
10,总有人会动歪心思
11,我早就受不了放歌时网易云挡着我的息屏壁纸
12,到动画里的猫也是猫
13,好像三星
14,左边真能云，我国行用了都两年了
15,没yeelight不科学
16,小额贷哈哈哈
17,感觉桌面也要重铸啊，想看壁纸+1
18,锁定屏幕都可以好几页了
19,..0.0
20,好家伙，光遇
21,应该是衣领内测贴了麦克风
22,苹果：胶水大师
23,胶水的正确用法
24,高通：你直接报我名字得了
25,传奇（bushi）
26,我买了表啊，我睡觉不充电我啥时候充电啊
27,just like harmonyos
28,这个确实好
29,我要这Watch有何用
30,接管仪表屏幕了
31,安卓粉怎么不出来狗叫了，继续说抄袭啊
32,AR
33,好家伙，飘了，我飘了
34,air用的话还叫air嘛（doge）
35,hhh终于有天气了
36,确实适合小组作业
37,汤姆不就是猫
38,《re-designed》
39,这是用一个摄像头拍出垂直和平行的效果，你确定安卓能做到？？？
40,CarPlay真的方便
41,侦探最爱啊
42,优雅全无
43,他的声音太像听力录音里的了
44,注意此处只用了一个摄像头
45,太人性了，特别适合老人
46,只有这两台电脑便宜（bush）
47,风扇把电脑吹起来了（bush）
48,《专为mac制造（指未来iPad也会用）》
49,北京时间——纽约时间（bushi
50,刚刚两首歌都很好听啊啊啊
51,他手表戴反了欸
52,佳明哭了
53,我一直猜测，到底什么样的人才会买刘海屏笔记本
54,[ohhhhhhhhhhhh！]
55,原生支持metal3的re引擎不会只做一个游戏
56,《早就有》
57,一个摄像头实现的
58,刘海屏的用户空间变大了，全屏的时候也能一直显示状态栏
59,底部进度条可以设置字幕～
60,正在加载线上模式
61,素晴らしい
62,说快充的放屁，少则一个多小时
63,铝的可以
64,开始熬夜
65,安卓早就有了
66,真的在掉帧吗
67,左上角小爱同学
68,卡，只有一帧，卡的飞起来
69,eve排面了
70,孩子：求你做个人吧
71,前面的，洗澡洗脸时充电
72,VP，升职了
73,英特尔:得了得了别骂了，别点我名字了
74,我也觉得
75,许嵩：？
76,船长：啊对对对
77,我有救了（
78,然后孩子把ipad砸了，哈哈哈哈
79,前面的都猜对乐
80,未来的感觉~
81,这个特效后的运镜帅爆了
82,有的用药要间隔半小时，如果能自动提示并修改就更好了。
83,这个可以的
84,那如果我要再windows登录怎么办
85,《情 景 模 式》
86,价格也提高了30%
87,这个好
88,MIUI12超级壁纸
89,大陆太多功能不能用了
90,很有用
91,和老罗的TNT很像，但是老罗只是一个原型，这个体验感觉要好太多了
92,智能穿戴的老大哥就是老大哥，没得比
93,s7你洗个澡刷个牙就充差不多了
94,依然可以用type-c充电啊
95,室外收音效果这么好，一点环境音都没有
96,可调节窗口！
97,背刺！
98,可惜MIUI12太卡了
99,ECG到现在大陆还不能用，垃圾
100,甲硝唑和酒精
101,这个功能可能要和国产药打通才行
102,海底小纵队
103,A12Z表示很淦
104,怎么听到一股咖喱味
105,唯一有用的更新
106,太重了，戴着睡觉有点不舒服
107,洗澡时充电就行，手表是快充
108,这个布局不是更像特斯拉？
109,《全新》（指芯片） doge
110,帧数太高我不适应
111,终于可以找图了
112,terragenius！！！
113,玩扫雷卡吗
114,到主场了
115,matter是有小米和华为的，大家都在参与的标准
116,CarPlay本身就是在给手机充电的
117,MacBook启动的声音！！！！！！
118,刚买了 DropOver，哭了
119,这一声 登~ 听着和嘤特尔的 等灯等灯 好像啊
120,Susan!
121,ipad用户狂喜
122,autosleep可以卸载了
123,我的第N台电脑，终于有可能变成iPad了（摊手
124,锤友：这个我熟，TNT+一步
125,锤友在此，从头刷到尾！哈哈哈
126,卧槽这个牛逼！
127,好家伙，我的怎么不能飞啊
128,腾讯会议：我这就回去把「互动标注」这个功能优化一下。(doge
129,科技与人文的十字路口
130,运动，药物，健康，苹果真的是都玩明白了
131,问充电的先买个表再来黑
132,对的，现在只能左右转，上下转会跳出通知栏和控制中心
133,好可爱
134,好适合小组作业 
135,这个真得改了os8一转地球控制栏就出来
136,MIUI:我熟哇
137,优雅
138,光遇哎
139,苹果可能想的是把一些有用的功能做的更好，并且集成到os里
140,我去，这个太棒了
141,无限白板，太好了
142,他的主场到了
143,感觉要出大事了～～～哈哈哈哈哈
144,哇，好高级的门
145,感觉换了很休闲的服装
146,高级感扑面而来，全身鸡皮疙瘩
147,当时看到这个好激动
148,相当于 安卓的 分身
149,我状态栏可不空，甚至还不够用
150,我都是开多桌面
151,之前跑步的这个项目里的功能确实简陋，国内的手表做得好
152,华为的智慧哈哈哈哈哈哈
153,本来刘海就不是突出，我一直觉得设计很精妙，因为状态栏中间部分本来就是空着浪费
154,全苹果最快的男人—闪电侠Craig
155,名 场 面
156,BGM：Odesza的behind the sun
157,安卓：啊哈！
158,突然没电了咋办
159,太帅了，故意让你Craig出一次糗
160,刚更新ipados16，lumafusion好卡
161,我的M1 MAX首发用到现在风扇就没转过
162,电脑上指纹确实更好用
163,世界上最伟大的公司 没有之一
164,被动散热乔布斯狂喜
165,雷军直呼内行
166,防老王系列
167,宝马：我被抛弃了！！！
168,手表延伸到手机
169,这是真的还是特效哇 好酷炫
170,俄罗斯：隐私这个我熟，我家
171,你可以看到孩子的手机里的照片，孩子也可以看到你的
172,锁屏的时候，下滑，就有搜索栏了，可以开这个功能
173,要来了!!!
174,《实际使用场景》
175,一键分手模式
176,还没看完就已经向上全家桶给长辈了
177,真的牛逼
178,赢！
179,光遇
180,真的馋了
181,A12Z换回A12X路过
182,我的天，苹果真的是家很可怕的公司，CarPlay 和 现在这个 药物周期追踪 功能，用了就离不了了...
183,万物皆是抄袭？没必要吧
184,小gay哥很温柔
185,图片可以不重复存储了
186,小米还在搞蓝牙mesh，aqara做出了正确的选择
187,孩子：听我说谢谢你
188,每次Craig的转场要么炫酷要么沙雕哈哈哈哈哈
189,《我觉得没用就没用》
190,又一个craig
191,息屏显示!
192,这个功能早就该加了
193,好像Windows is1
194,callkit啥时候有啊
195,这个通知终于改了！
196,什么时候上计算器哈哈哈哈哈哈
197,哈哈哈哈再玩10分钟哈哈哈聊天记录
198,《激动人心》
199,所以右后方为什么要有个电梯（
200,跟我家无关哈哈
201,分屏模式
202,主角模式
203,文图拉
204,这个也太好了吧，
205,克雷格整个都是一个虚拟影像合成在场景中……
206,（元宇宙beta0.1公众测试版）先让大家熟悉熟悉苹果卡通审美
207,（小程序）
208,上滑屏幕时掉帧了
209,耶~~
210,Mac Pro:您甜蜜根本当我不存在是吧
211,好家伙我给自己起的英文名就是John
212,！这都能想到
213,←上次连着吃完了两瓶也就停了
214,科普：FDA，美国食药局
215,笑死，一个星期一次澡
216,问小米的是认真的吗
217,铁人三项，指Spasmodic+Igallta+Rrhar'Il
218,好家伙跑个步200多瓦
219,ak预言对了
220,←凉拌
221,他的身份就是开头和总结呀
222,和电脑很像
223,何等的优雅
224,直角设计，内部零件空间更大，其实是合理的
225,是不是一个锤粉从头刷到尾...
226,哈哈哈哈哈哈哈哈哈哈哈哈哈哈这个画风我真的笑死
227,首尾呼应
228,卧槽实时扣图
229,人性化关怀的功能国内大公司不能更进吗
230,斯巴拉西！
231,还有汽车（反是能刷卡的）
232,国内就别碰瓷了，看看苹果的生态，真的是人性化
233,看来刘海最终要加面容识别模块了
234,哇，终于有windows的任务栏了，泪目
235,我看下来就是在为眼镜布局
236,Craig好臂力
237,聊天宝（doge
238,非常符合需求，尤其是老人
239,提出充电困扰的都是没有手表的
240,快拉倒吧，看看国内的圆环做的那个不像苹果
241,超级壁纸哈哈哈哈
242,屏幕感觉很重
243,苹果地图导航的时候锁屏界面会直接变成导航界面
244,你说的不会是那个安卓10魔改吧
245,好巧，认识3个
246,为什么每次到你BGM就要这么炫酷
247,微软翻译表示很淦
248,太可爱了
249,一步到位，移动支付的最终形态
250,这个好
251,抄什么抄，fitness一直都有，只是没登录国内而已，酸什么
252,对面已经显示已读了呀
253,这次更新感觉就是为了更好的展示壁纸，以前一大堆通知把壁纸挡住了
254,《米家》
255,Aqara
256,acura车主泪目
257,哈哈哈，苹果牌花呗
258,旧瓶装新酒，就多个风扇
259,全靠同行衬托
260,nb的步伐 哈哈哈哈哈
261,牛逼啊
262,洗澡的時候？
263,抄？
264,冲的时候充
265,爱斯维尔
266,A12z表示很淦
267,哈哈哈哈还是借贷
268,哈哈哈哈哈哈哈计算器不知道啥时候做
269,怎么感觉拥挤了
270,又抄国内。。。
271,这个真的好
272,优雅
273,对于非专业创作者，是最全能也是最没啥用的设备，除了爱奇艺
274,嚯！
275,刘海！
276,这个不错，我之前为了不打扰我都会开好几个屏幕分类，用的时候滑动切个屏。现在好了。
277,洛圣都，这我熟
278,为什么每次到你BGM就要这么炫酷
279,下一次是计算器了吧
280,看起来像两个ipad和在一起
281,我每天吃维生素都是靠提醒事项。
282,Craig每次出场都无比酷炫。
283,洗澡的时候充
284,冷静 哈哈哈
285,今年那些预言家终于把m2盼出来了
286,音乐过于炫酷，搞得我热血澎湃
287,所以我到底什么时候充电啊
288,DDI
289,这个不错
290,智慧生活（dog
291,《外文》
292,牙膏无敌
293,cv程序员狂喜
294,好家伙中译英
295,《超级壁纸》
296,（如果你有外服appleid你就也能体验到qwq）
297,日本大佐
298,怎么可能做独显，我傻了
299,传说中的语音转文本
300,智慧抠图大师
301,苹果这几年硬件创新，而软件很多概念不是最先，但是最好
302,TouchBar??!!
303,从头看到尾困死了
304,m2介于m1和m1Pro之间
305,现在天气都出了，计算机方面可否考虑一下
306,12寸macbook生不逢时
307,这人好像李煌（doge）
308,Good Morning（）
309,互联网的最终形态
310,因为zc要求吧
311,os就是operating system的缩写啊。。
312,好耶，3.5
313,这个有点强
314,苹果虎扑
315,鞋子是AJ4 大理石樱花粉 巨好看的一双AJ4
316,两个ipad笑死我了
317,iOS 11的时候改没的
318,极克
319,这个可太有用了
320,这个跑姿过于奔放……
321,但远比腾讯文档出色
322,《关于苹果的门会自己开这件事》
323,（纤薄）
324,好几年不发一次短信的人
325,hairforce one
326,我没见过3斤重的羽毛
327,模拟城市
328,貌似和安卓一样，其实大不相同。
329,这东西可不能让考试老师知道了，不然二机位直接gg
330,要是keynote和pages支持的更多的就好了
331,但是苹果总能做的更精致的感觉
332,Adobe：抢老子生意是不是？！
333,为什么是OS而不是System
334,iOS 1的壁纸
335,完结撒花！
336,只有M1有就离谱
337,笑死了哈哈哈哈哈哈哈
338,异形屏让屏幕不再是自由的显示空间，而存在了安全区，没有比这更更土鳖的设计
339,欢迎来到Craig经典保留节目
340,取名字太经典了哈哈哈哈哈
341,经典项目
342,贴近自然
343,Windows
344,毕竟强迫症更愿意接受窄边框
345,还是在毕业季发布。。。
346,M1：NND，让我跟英特尔一起挨骂吗
347,06：21有彩蛋
348,以色列口音
349,怎么看都是M1 Air纤薄哈哈哈哈哈
350,苹果花呗哈哈哈
351,《惊人的创新》
352,这不是之前就有吗
353,《果家》
354,iOS16的代码里都确认有息屏显示了
355,不是，WWDC一直都是Craig主持
356,终极版聊天室？
357,只认识13个www
358,啥时出独显啊
359,昂好？
360,Intel：求别骂了，我还要倒吸牙膏呢
361,安卓早就有了
362,这种支架肯定有便宜的第三方产品
363,笑死了哈哈哈哈哈哈
364,这个功能有的时候真的能救命
365,我很好奇咋收音的，这兄弟衣服上没有麦克风
366,（速度超快）
367,（轻盈）
368,他是以色列人
369,IOS正式对标安卓
370,typec应该也能充电的
371,未来CEO2号
372,蒙迪欧上这套可以考虑，但是内地别想了，车厂要赚钱的
373,快快快，John（胀恁愣），Back了！
374,感觉～驴象之争，再次爆发
375,三星Good Lock 直呼内行
376,识音律！
377,防 沉 迷
378,希望可以比现在的设计与众不同一些
379,喜感拉满
380,现在压力来到计算器这边
381,MIUI超级壁纸：这个我熟
382,支架599？
383,ddl警告
384,苹果真的很细节
385,怎么做到和硬件结合的
386,希望大家不需要用到
387,也太好看了吧
388,手机版的共享桌面？
389,前面的兄弟哈哈哈
390,这个识别就挺离谱的，把我相册里的汤姆的表情包识别成了猫
391,这个真的是一台iPhone能做到的？
392,室外一丝风都没有吗？
393,这个挺强的
394,2.7磅=1.22公斤
395,明明是IOS15的功能，挤牙膏
396,哈哈哈 越来越复杂
397,Craig：糟了，我成替身了
398,Chinese好评
399,雷总：这很OK
400,环大陆上线
401,[OHH]
402,贷款
403,小提示，只要对面不更新你的撤回就是无效的
404,在线会议
405,热知识：字幕可以使用B站进度条旁边的按钮
406,现在一台ipad接个显示器，就能边上网课，边记笔记了
407,Srouji是以色列人
408,登录了，我steam上下载得mac版还能登录iCloud同步进度
409,这是为14上的息屏显示做准备
410,我去 真的好看
411,昂？
412,[ohhhh]
413,背景afc richmond注意
414,相比腾讯文档而言更加简便
415,Teams?
416,这明明三分之一吧
417,有得选的话，没人喜欢刘海，是妥协的设计
418,笑死，再玩十分钟是全世界孩子的口头禅
419,mac的任务栏真的很少用，而且最小化的多窗口看不出哪个是哪个，基本都是用调度中心
420,是你没见过之前的直角边
421,《激动人心》（指明天高考
422,以色列人
423,安卓钱包全是放贷款跟广告
424,Craig居然是直男。。。。
425,这明显是给iphone做的息屏显示的壁纸
426,又是想bar的一天
427,@b站gkd
428,虚假宣传，我的飞不起来
429,太搞笑了这里
430,草，我还以为在说英语，纳闷怎么一个单词听不懂
431,感觉M1的iPad马上要被抢疯！
432,他们不会买的，他们就是想口嗨一下刘海而已
433,88，买不起，直接跳过
434,这哪是印度口音
435,仅限于搭载M1芯片的iPad
436,生化危机8
437,这个发型，是超人的
438,还是喜欢typeC，这样所有设备可以统一充电口
439,13寸没刘海了，会不会被气死
440,笔记本就应该这样啊，很好看啊。
441,苹果终于把自己活成了安卓的样子的
442,被科技耽误了的第九大电影公司
443,htc笑了
444,照片只有聊天截图和表情包
445,miro board哈哈哈哈
446,arm片上芯片哪来的独显……那是x86的产物
447,我竟然觉得还挺好看的
448,锁屏下拉就可以输入…
449,创建一个用都不知道的密码，这样用户就分享不出去
450,词汇量跟不上了
451,OPPO：在下也是充电5分钟通话两小时的
452,这个命令识别太牛逼了
453,卧槽，没有手续费
454,为什么我的不行。。
455,miui：哇！
456,帧数感人
457,iPadOS和macOS再过几代没准就能无缝融合了
458,广♂Door
459,殊途同归
460,腾讯街景地图：这个我熟悉
461,win11小组件
462,不如之前的好看
463,物理外挂
464,集显超越N卡和A卡
465,全体起立
466,这熟悉的刘海。。。。
467,摩登家庭里面sofia的口音
468,这个算法牛逼了！！
469,onenote 协作版
470,新系统 多显示器的问题解决了吗
471,音乐播放烟鬼好评
472,功能也是科技的一部分
473,意思就是不同壁纸可以设置不同设置，一个工作一个生活
474,ps以后方便了随便改背景
475,只有M1能用
476,dictation初中英语默写ptsd
477,啥时出独显啊
478,不要刘海屏的，来买这个呗
479,摸鱼壁纸
480,这东西和之前免费的共享相册有什么区别？
481,wow，好看耶
482,苹果就这种极简交互做得好
483,鸿蒙：？
484,[前方高能]
485,连个好的图形api都没有
486,发量为零
487,[前方高能]
488,matter意味着全平台共享，不是小米垄断
489,有生之年
490,这个大叔也好帅
491,TNT
492,内存融合
493,系统大版本更新=软件更新
494,你觉得大陆会大方到让他测？
495,免息花呗了属于是
496,爆音
497,这个我好爱
498,TNT
499,这身衣服好酷
500,腾讯文档
501,能打通所有app吗
502,直接取代刘海
503,正主驾到
504,背景虚化模式
505,我的邮件只用来接收验证码
506,apple不发新功能 而是把已有功能做到极致
507,快传
508,转文字？
509,马克布克太空版
510,figjam!
511,超级壁纸？哈哈哈哈
512,现在开始我不需要子墨了
513,Pro沒有瀏海嗎
514,笑死，安卓钱包里全是广告
515,斯巴拉西
516,生产力来了
517,TNT
518,即使发布硬件，库克跟演示环节也是五五开的存在，他的风格不会整太多活儿
519,开发者大会他一直这样啊
520,之前那个鼠标无缝衔接是不是没实现呢
521,iPad生产力的第一步迈得有点多
522,相对于性能，普通用户轻薄才是最好的体验
523,微软小组件
524,这些“windows”，终于学到了有用的
525,瞬间回到了零几年班上同学看NBA比分的日子
526,一鱼两吃
527,好家伙，apple终于打算发展游戏方向了
528,我很喜欢，这就是作用
529,不是没卵用的刘海突出，是屏幕延伸到摄像头周围，好文案
530,这个我喜欢 很有场景
531,这个界面就是福特蒙迪欧
532,意思是小米不需要其它接入自己？
533,iMiUI!哈哈哈哈
534,门禁卡给看物业
535,这个真的太牛了
536,[ohhhhhhhh]
537,右下角没看错的话是西瓜？
538,优雅
539,太丝滑了
540,昂？
541,这个太有用了
542,和app抢用户
543,androidize
544,会有人专门记表情包的名字吗
545,Pro边框粗吧，没有刘海了
546,“常用”
547,这个功能太有用了
548,自从有这功能，我表情包全放在手机相册里了
549,他想表达的是在mac平台上适配的游戏可以轻松运行
550,这发量一看就是大佬
551,注意这是蓝色的，也就是说这不是短信，这是imessage
552,最高画质连20%性能都用不了
553,很重要好吗，我就想看壁纸
554,光能使者是吧
555,好家伙，移动支付终于普及了
556,没他路飞科斯阿普斯给铃鼓
557,吉奥麦脱离
558,嗨靠立体泰克斯车
559,还有双手合十不要忘了，这是灵魂
560,第四行第一列不是虚拟机吗
561,家乡话
562,babe23333
563,这个厉害了
564,afread要失业的
565,tg既视感
566,原来苹果的尽头也是花呗
567,终于等到了升级
568,太牛逼了。计算摄影和计算驾驶才是未来
569,这后面是在学习Windows 11的Bloom吗？
570,苹果花呗
571,迈向生产力的第一步
572,出场真牛逼啊
573,是不是IPadOS17就会更新计算器了？
574,缺的是一起看的人
575,苹果放大招了！真好看！
576,似曾相识
577,Safari推动HTML5终结了Flash是个好事
578,好像iwatch有了
579,这是利物浦口音吗？
580,昂？
581,hahahahha帅死了
582,我觉得放锁屏就好，我手机上要先解锁，再下拉，然后再输入。不如锁屏直接轻点输入
583,不需要自己抠图了太棒了
584,罗永浩：？？？？？？
585,@mkbhd
586,牛逼人出场了
587,M2PRO，M2MAX，M2PROMAX……
588,快把天气锁屏移到apple watch上！
589,史前星球
590,这个是我用过最好用的功能，用来在相册里面找照片。
591,Safari在整个ios生态一直耗电占比很高吧
592,好像Apple Watch的表盘啊
593,打不过1260p了
594,卧槽这画面
595,pixel：这个我熟
596,这个好用
597,没有字幕就自己开
598,希望B站neng用
599,苹 果 花 呗
600,←事实上系统钱包我都不用，天天这个贷款那个利息5厘钱的
601,《自动抠图》
602,可以一起搬砖吗
603,《网络短信》
604,MIUI超级壁纸
605,啊..安卓的赶脚
606,果然万物基于miui
607,苹果优势在于对细节的把握
608,彩虹条条有跨性别了耶耶耶！！！
609,超级壁纸
610,不，很重要
611,盲猜库克第一句Good morning
612,这个有用！
613,Loading...
614,似曾相识
615,还个是真的有用
616,果子的表上比miui早多了还超级壁纸
617,我感觉iPhone学习成本越来越高了，不过熟悉了倒也方便
618,《返祖》
619,←你想错了
620,originos：？？？
621,卧槽这个可以
622,PowerPoint直呼内行
623,这是Apple park，不是总部
624,可专业的人会买ipad去干专业的事吗？前面的人不是说的搞笑吗
625,好丑的设计
626,我也觉得咖喱味很浓
627,广角镜头加软件算法 真的强
628,铰链处感觉不太协调
629,Harmony OS
630,啊里呀多郭洒尼玛丝
631,前面说抄袭安卓的，呜呜呜祢真的好可怜啧啧
632,“Chinese lunar year”痛失韩国及东南亚市场
633,“不让测绘这是为了你好” 学相关专业的都知道没有公开可用数据的麻烦，反而外国城市地图都很详细
634,我个人认为 这比某些手机钱包p2p暴雷，理财借贷的好多了
635,说句难听的，安卓的实况翻译根本不实况，苹果无需联网直接运算
636,就连wi-fi6都算升级点
637,苹果终于知道吐槽自己了
638,国内不能用shareplay吧
639,昂?
640,直接被苹果生态绑架
641,安卓早有了？这完全是本地端运算，你有本事断网使用啊！
642,苹呗
643,hhhhhhhhh
644,安卓也是美国的啊，网友为人家美国两家公司操碎了心
645,酷啊
646,outlook
647,对中国用户基本没什么用
648,总部这么简单，不怕被抢劫吗
649,这好像是iPhone 5的时候就有？
650,LBGTQIAPK
651,因为轻啊
652,挺适合老年人，不会可以什么都不改。
653,和安卓没卵关系，这明显是Apple Watch的风格，尤其这个界面，简直和表盘库一模一样
654,大脚怪真的好玩
655,希望Office软件也可以加入协作功能
656,当场去世
657,中国各大视频软件用废了的功能
658,求结束Bgm
659,没有cn
660,图片存在哪里的呢，云端吗
661,这个好，旅游的时候可以规划
662,我觉得苹果的地图没有其他家的做得好
663,2022年，iPad的天气app总算做好了
664,比亚迪能用Apple Pay当车钥匙？？
665,比亚迪
666,勇士总冠军
667,英特尔酷睿i5 12600H
668,英特尔酷睿i5 12600H
669,英特尔酷睿i5 12600H
670,英特尔酷睿i5 12600H
671,...
672,稀有毛色
673,这是合成的还是录制的
674,合上边框也跟音乐同步这些细节只有苹果TVT
675,苹果做的这些小人还怪耐看哈
676,:smiling poop emoji:
677,牛啊
678,这人是不是侏罗纪3里面的反派？？？
679,她的发音语调好奇怪呀
680,&lt;-Aqara就是小米的
681,安卓，呵呵都是来自苹果越狱社区的东西
682,不是锥子没有精髓
683,确实是反了。离谱
684,SSH 底裤都不剩了（
685,八代 i5，有啥可比性啊……单纯为了黑 Intel 吧……
686,确实，状态栏中间本身就没太大用处
687,玩秃了
688,酷帅狂拽叼炸天
689,腾讯会议
690,"haha,最后结束音，皮的很！"
691,miui的别出来搞笑了，抄apple watch和谷歌也配？
692,杜蕾斯广告
693,“65度”
694,你现在去康康m1八核gpu版本还卖不卖
695,说白了，7核是旧机型，8核10核是新机型
696,售价没变，以前m1八核gpu也要9499
697,户外还要办公是什么上辈子修来的福报
698,风扇也没多。Pro 本来就有风扇。
699,只用网页版QQ邮箱
700,",,,,"
701,大爆炸是吧。哈哈哈哈
702,老罗要是有这么多钱和人估计还真就成了。
703,OS X El Capitan怒刷存在感
704,666
705,华为宣传片风格
706,iLink
707,Hi Link
708,Why not China
709,他的女儿是吧
710,蒸起来
711,非常先进的耳机接口
712,果家
713,果德
714,那就06:21
715,Pro就是这个设计 非常好看
716,来了来了
717,这个是真的牛逼
718,索尼的360也要给耳朵拍照，不过是云端分析HRTF档案
719,福特在国内是有软件团队的。新软件还行啊
720,FaceTime真的好用
721,hi起来
722,牛逼
723,在美刷卡机已经普及了
724,这个国内不适用，美区可以用
725,踏吃把
726,iOS14够用了
727,为什么还有日语的
728,把眼角膜捐给我吧！
729,库克都一把年纪了
730,cool
731,杀马特
732,豌秃腊
733,矮戳丑
734,nb
735,比亚迪
736,m4 m416 m4a1 m4a4
737,m4
738,不支持中国
739,oprating system
740,虽然但是不好
741,没懂有意思在哪
742,贝尔金是亲儿子了
743,别想了  9499起
744,左上角不是小爱，是爱彼迎，做民宿的
745,这里才是常用app
746,你知道吗
747,还统一了safari
748,可以可以，有点像微软的协同工作
749,荒野乱斗
750,first class
751,还行
752,刚刚那个女的是？
753,？？？？？
754,库克疫情之后老的特别明显
755,塔妹赢了
756,抄了人家的创意加点可有可无的问人家做不做得到哈哈哈，阿q
757,intel麻了
758,ipad的基本操作
759,这个照片滚动是不是很多年前的iPad mini有
760,怎么没有翻译呀
761,用处就是给你更多的选择
762,WPS苹果版哈哈哈哈
763,不简单了
764,…………
765,听日本人讲英文真别扭
766,这装扮。。
767,苹果就是各种强调行业标准
768,idea？
769,这个可以
770,数字人民币？
771,软件厂商不适配也白搭
772,完蛋了？下代骁龙性能赶上a15没？
773,耳机孔多余
774,挺无聊的，这些拿来说事
775,感觉下面四个垫拿掉会好一点
776,Apple 每一次的发布会都振奋人心
777,经典的OS X（macOS）命名问题，有些年头没玩这个梗了……
778,这不是Windows那样吗
779,用惯华为，这些真没什么新鲜感
780,华为都用好几年了
781,哎呦，不错哦
782,独显应该出不了，除非自研显卡，毕竟AMD都抛弃了，N卡更不可能
783,因为变大了
784,！！！
785,所以M1Plus Ultha
786,M2
787,16！
788,牛逼卧槽
789,你们别说，米家有很多的东西都是可以直接接入home kit的
790,哦对不起我看错了...没戴反...看错了对不起
791,苹果开始放贷款了，国内监管咋整
792,学习成本确实越来越高了
793,安卓哪有这个功能啊？
794,这个我都用触发角
795,安卓玩烂的？？？哪个安卓能把时间放在主体后面挡住？？安卓有这算力？？
796,海报风格
797,买的人多了去了  就因为一个刘海放弃一台好电脑?
798,感觉我的m1 imac很快也要过时了 桑心
799,绿了
800,mac能玩mc
801,炸裂
802,天下ui一大抄
803,帅！
804,这个可以
805,前面的，可以直接上林肯
806,宏达是国产的吗
807,家庭的垃圾广告怎么办
808,国内只能用高德地图的内核
809,演示机型是老pro欸
810,没一个国内软件
811,小米直呼内行
812,吉星
813,特斯拉 
814,vmware又不是只做虚拟机
815,a12z哭了
816,抄袭安卓，抄袭华为
817,抄袭安卓
818,抄袭安卓
819,华为荣耀有被冒犯到
820,抄袭华为
821,抄袭安卓
822,抄袭安卓
823,告辞
824,抄袭安卓
825,这个功能安卓早就有了
826,抄袭安卓
827,果讯体育
828,美国果条
829,牛皮
830,这个好
831,只可惜国内上不了
832,Apple Park真的太漂亮了
833,？
834,（性能强劲 吹散羽毛）
835,腾讯什么nm
836,家族传承的刘海lol
837,后面有人踢足球。。。
838,！！！
839,我的滴答
840,Disney的id巨好用 
841,中国人表示：这个不是接收验证码的吗？
842,这个算烟鬼彩蛋吗？
843,星光色好看，银色加金色的感觉
844,什么时候可以屏蔽掉澳门赌场啊
845,真好
846,赚商家的钱？
847,把每个点做的特别细
848,鸿蒙
849,这两个，真是电脑界的 屠龙刀配倚天剑
850,胀恁愣，久违了
851,尼玛装上了还给你
852,这个蓝胖子最狡猾，挤牙膏的主力军，你把studio的芯片搞上去不就完事了么，还M2、M4、5、6的这么挤
853,John就是“胀恁愣”的意思，你俩正好可以一起“胀恁愣”
854,燕子 燕子 燕子
855,useful
856,这身衣服如何上卫生间呢？
857,关键是可以远程关闭
858,母公司下放
859,？？？
860,像2077等还是算了吧
861,？？？
862,后面不是玻璃吗
863,similar with iwatch screen background
864,这个大！
865,前面的人家是以色列人有口音正常
866,…
867,……
868,苹果要搞汽车？
869,我没记错iOS7的时候就是专辑封面大图的，啊哈啥
870,《遗           照》
871,华为：这个我知道
872,华为
873,笑死中国用不了
874,为什么这老哥说的英语我听不懂
875,长城和比亚迪？？
876,这个大！
877,这不是烟鬼……这是Odesza
878,前面的，叫apple watch
879,还不错吧，能个性化了
880,绝了
881,Gv
882,"确实,应该把消息合起来"
883,非常先进的耳机接口
884,M1试水M2就开始收割了
885,国内车企的车机
886,烟鬼dacall
887,小米的我感觉难用
888,在我国NFC都少用，就别提苹果支付了
889,看来mac的part人比较少
890,家长控制功能可以说是最好的了把
891,66666
892,苹果pay呗
893,？？？
894,666
895,6666666
896,系统不就是个软件吗？
897,66666666
898,6666666
899,6666
900,来啦，各位开发产品兄弟们
901,多邻国，看见想起来今天还没学
902,越狱理由-1
903,张泰玩？
904,苹果的钱包我都不用的
905,大大滴好
906,新ipadpro看来秋季要来了
907,这个可以有
908,苹果金融
909,直呼好家伙
910,刘海是真滴厚
911,有卵用
912,你可以选13寸没刘海的MacBook Pro
913,然而贵了好几千
914,还是很丑
915,乔布斯刚发布iPad时当然不需要这些功能，但当苹果说“你的下一台电脑，何必是电脑”时，这些功能就应该已经有了
916,爷青结！
917,玩儿尬的是吧
918,这个支架，真的是only apple can design呢（棒读
919,MacBook Air那么低的功耗都能1080p
920,全都电子化不会容易出故障或被攻击吗？
921,计算器是留给17了吗
922,老罗:你们不要想是上面掉了个刘海下来，你们要想是两边闹腾的东西上去了。
923,犹太口音吧
924,amazing
925,说不定是当了高管之后才残疾的。
926,拼车
927,中国有天地图和奥维
928,赶紧把老罗的一步也抄了吧。那个功能太好用了。
929,别，安卓只是自定义，但一点不美观
930,安卓做的没有iOS好看，安卓的审美总是差点意思
931,这个好像是老罗的底裤吧。SOS早就支持了。
932,安卓什么时候玩过这个
933,耐克打钱
934,说门禁卡的，人老美用吗
935,这个外形是怎么敢和羽毛配在一起的。。
936,这老哥感冒了吧
937,对比英特尔12代低压U
938,互相学习是好事
939,蹲一手无脑果区喷前面老哥
940,小米？？？
941,这个是给自己提示用的
942,这画面是60帧
943,机8！
944,前面想Bar的那个先别走
945,No China
946,？？还能这样切换后台得？？
947,"Thank you for joining us, and let's have a great WWDC!"
948,音乐封面确实不错
949,干！
950,WTF!?
951,牛啊
952,周围用苹果的太少了，基本没啥用
953,这很小米
954,音乐起
955,MIUI：你没事吧？
956,真想无时无刻用到这些就去美国
957,哪儿不实用...这些在日常生活中都能用到啊 直接卸载其他不用的app
958,卧槽！
959,我去
960,细
961,太酷了吧
962,苹果的app别怕厂商不适配
963,我都用spark
964,真好看
965,喔哦
966,这还不薄？
967,前面的，合作的车厂马上就公布了
968,这里巴勒斯坦和美国关系就不好，也让进了
969,额，arm架构没有核显这个概念
970,楔形只是视觉上前面薄了
971,以色列人 ，母语阿拉伯语
972,但这东西不需要下载腾讯的app，方便啊
973,明明是watch玩剩下的
974,←不是有studio了吗
975,什么都要扯上罗永浩???
976,已经好久没收到澳门了
977,四指展开没用了吗
978,穿的优衣库啊
979,公费旅游是吧
980,键盘不咋地
981,我的 M1 iPad Air
982,库克今年都62了
983,极品飞车19的文图拉湾。
984,讯飞输入法
985,好复杂啊
986,好帅啊
987,问界？有海外市场吗？
988,不，再等13年
989,新葡京又有新途径了
990,这样的话所有MacBook都是齐刘海了，一步到位
991,牛
992,大爆炸？
993,？？
994,为什么不给我配字幕
995,感觉苹果确实很像安卓 或者说把安卓的功能做的更好更完善 用户体验更好
996,手机能玩吗
997,pay apple later with apple pay later
998,残疾人也能在苹果当高管
999,ikun
1000,这个改动好大，需要app配合啊
1001,智慧抠图
1002,android没玩好啊，不好用只有很少人用
1003,cities skylines 既视感
1004,一样的功能安卓体验差啊
1005,用c口也能充电啊
1006,？？？
1007,感觉苹果手机上的功能在国内只是被分散到了各个app上
1008,太漂亮了！我觉得我会买一台做视频用
1009,Johny老师的口音是哪里的啊？好像有点带德国口音
1010,抄袭就去告啊
1011,这个是以色列人
1012,实验室里的Mac Pro不见了
1013,现在通知多了也是挡壁纸啊，毕竟使用环境要看通知
1014,没见过指针在刘海两边来回跳着点选项嘛，还空着浪费？用过嘛
1015,华为已经有了。。。
1016,太好了，也太可怕。垄断了
1017,这个人估计是下一个接手库克的ceo了
1018,pro的这价格，不懂这个产品线有什么存在意义
1019,微软：快抄！
1020,国内只会加配置当卖点宣传然后割韭菜，一年后机子就不管了
1021,又是这老哥。。。这老哥不是被调去主管汽车业务了吗
1022,国内车企都是合资，不可能用的，别想了
1023,office 365...
1024,中间那个，为啥感觉别扭。我直说了，眼
1025,家乡话贼亲切
1026,blangblangblangblangblangblangblang
1027,你想多了
1028,跟手表一样
1029,卧槽？？？？？？？
1030,ios6是吧
1031,好下头的语言
1032,牛逼
1033,应该是新瓶装旧酒吧？
1034,已读显示你不开就不会有啊
1035,别人记这个爆炸头就和你记得笑哭是那个emoji一样
1036,wc
1037,我觉得这个真的很有用 每次都会不小心碰到
1038,觉得不简洁你就用默认的好了，又不是非要你自定义
1039,Intel追不上了吧
1040,传统文化，好耶
1041,没有中国差评
1042,嘴上说倒退，你用不用吧…
1043,ang?
1044,牛逼我去！
1045,试图功能我真的特别需要
1046,如果真的可以做到，那确实太厉害了
1047,堪比csgo
1048,卡婊re引擎优化不是盖的
1049,国内网站现在就算用密码登录，也还要手机验证码……不懂为什么
1050,笑的想死了 母公司技术下放
1051,M2什么时候出个带bar的mbp16寸
1052,windows电脑 啊啊啊好丑
1053,迟早会再变回去
1054,看起来就好笨重啊～～～楔形设计没了！
1055,标配羽毛
1056,腾讯个屁腾讯所有东西都是抄袭的
1057,这口音简直了
1058,第一次看到大叔穿运动装 哈哈哈哈
1059,都不实用啊
1060,苹果这样搞～完蛋了
1061,苹果好多钱买版权呀。
1062,前面的，这你还不懂吗，属于自己骗自己。
1063,可以拍草稿纸了 这样就不用低头了
1064,"安卓机个屁啊 全是apple watch搬过来的, 一模一样"
1065,国内打车app应该很快适配
1066,小米自己搞了那么久就是想搞自己的独立标准，想让步开放给苹果很难
1067,又改回去了
1068,没字幕啊
1069,看到了吧 和老mac模具比刘海区域是多出来的
1070,这个图也太丑化Windows电脑了吧哈哈哈
1071,很多自媒体连比例变了都不知道就黑哈哈哈哈
1072,不是刘海占屏幕空间 而是刘海两侧向上延伸 算是额外的空间留给finder栏 
1073,还可以玩游戏？ 牛逼啊
1074,意思是之后小米就是穷人神器了 其他大品牌智能家居只能用兼容matter的kit
1075,小米廉价方案体验太差了 不如wifi
1076,这玩意可比米家早多了好吧
1077,办个公其实够了，做工好
1078,这个演示都掉帧。。。服了
1079,努力追赶Google map
1080,模拟人生
1081,这才是ai
1082,no way in china
1083,流汗黄豆
1084,设置途经点这个有什么新意吗？
1085,no way in china
1086,安卓继续出来挨打
1087,说安卓的继续出来挨打
1088,苹果也有水军？
1089,来来说安卓那个出来解释解释哪款ui有这功能？
1090,语音输入吗？
1091,啥烟鬼啊，这是ODESZA
1092,败笔。。。
1093,变丑了
1094,变厚了
1095,。。。。。刘海
1096,这是直接在设备端完成的  不需要联网上传好吧
1097,不简洁
1098,好丑啊
1099,Riptide
1100,对性都没有什么要求的，还是买M1带的比较好。
1101,大BYD呢
1102,当然仅限美国
1103,绿米
1104,牛牛
1105,在窗口管理这块，windows的逻辑明显要简单多了...
1106,iWeChat吗这是
1107,这不全都android玩剩下的
1108,牛逼
1109,mijia
1110,好新鲜啊
1111,阿这。。。。
1112,apple先让别的车企试验
1113,安卓都玩烂了
1114,就是不加计算器
1115,该死，不要再散发魅力了！！！！
1116,？？？？？/
1117,抄袭的微软的白板
1118,大爆炸
1119,TNT+1
1120,新3系会有
1121,高级
1122,太强大了
1123,咋么升级啊？
1124,我dock栏在左边啊，干
1125,卧槽
1126,最先用这个概念并且用得好的软件是 Notion
1127,他要接位库克么
1128,这个demo的帧率。。。
1129,嗯？
1130,苹果牛逼
1131,smb支持改端口就好了
1132,可是能查看大小了
1133,怪不得福特根本不用心做车机
1134,这外观一点不Air
1135,乔布斯的棺材板要压不住了
1136,集显？
1137,以后游戏厂商要多一个平台了就是苹果
1138,好卡
1139,？？？？？
1140,牛逼
1141,英文发布会听到日文
1142,这要是啪嚓了可咋整
1143,以前右键桌面有通过手机拍照 就是换个方式
1144,做到极致笑死，苹果抄袭就是抄到极致
1145,牛逼
1146,环保。。。
1147,耳机孔非常先进
1148,公司越来越大了
1149,视频编辑神器
1150,谁说的，这就是印度阿三的口音好吧
1151,炒冷饭
1152,他的口音很难懂
1153,老罗裤衩都没了
1154,越来越复杂了
1155,？？
1156,啥玩意儿
1157,农历 -&gt; Chinese 好评
1158,看起来宽高没有限制
1159,小米国际市场不行
1160,希望国内厂商也能有这样的引领格局和创新
1161,在外面酒店也不会被知道位置
1162,捉奸失败
1163,你拍的照片被孩子共享修改掉
1164,家庭控制手游可以不充钱了
1165,地图新闻都取代第三方app了，都自己来
1166,青少模式：这个我熟！！！！
1167,中欧和东欧口音，哪里印度了？
1168,母公司震怒
1169,你家半残废的nfc我都不想吐槽了
1170,拍下别人的编程过程得到代码
1171,太超前了
1172,抖音
1173,第五人格不是在里面嘛
1174,老罗
1175,因为国外实行居家办公，需要更多的远程协助
1176,Windows 11 乱入
1177,个人直播点对点
1178,老了，只认识37个
1179,老了，只认识37哥
1180,老罗的裤衩
1181,window 的多个桌面
1182,honda都有
1183,这几年苹果很爱飞啊
1184,酒店，租房租车，挺有意思的
1185,还得买拓展坞
1186,就个耳机孔？
1187,卧槽？
1188,zz正确
1189,Love Apple
1190,俗称，防渣男功能
1191,开发者对苹果的适配肯定是最积极的。
1192,特斯拉就是逊啦
1193,对标小米
1194,watch不想卖了吗
1195,让你户外拿电脑办公的公司也别待了
1196,那你买M1呗
1197,赋能？我以为这只是国内互联网公司的通病呢。没想到已经传染给苹果了。
1198,听起来像是越南口音
1199,这个壁纸是真不错
1200,厉害
1201,未来CEO
1202,哈哈哈哈哈哈哈哈哈哈
1203,这是特效吗，太酷了
1204,确实牛逼
1205,Chinese yes！！
1206,按照内容滤过吗 有点可怕吧
1207,超人是吧
1208,和之前那个博德之门3一个公司出的
1209,我有美区ID
1210,钱给到位有啥不行
1211,芜湖
1212,烟鬼
1213,英伟达被两个A抄的裤衩都不剩了
1214,的确小众，毕竟人家的目标群体是那20%
1215,ipad形状
1216,这个我也深表同意…
1217,帅麻了
1218,前面的，phi可以（不是小鬼）
1219,就这好好意思说？
1220,装逼
1221,前面的，iPadOS16的，你15肯定用不了，要到官网拿测试，
1222,这个很不错
1223,这个好，不用一直停留在界面了
1224,？？？？
1225,方 向 对 了
1226,这个好
1227,？？？
1228,苹果小额贷款（中国）有限公司（doge）
1229,急に日本語でビビったww
1230,这踩点太爽了
1231,棒呆了
1232,反复鞭尸
1233,这功能很先进？
1234,潮汐
1235,好像是无人深空，正在玩
1236,马上就会告诉你，主流厂商包括BBA都支持
1237,看右下角
1238,当你打开mac工作，你会打开Windows（~~）
1239,我看到了安卓机的影子
1240,笑死 我天天用 深圳通 就是苹果钱包
1241,滴答清单！
1242,这B格装的
1243,求BGM
1244,全体起立
1245,woc，nb
1246,哈哈哈这个牌
1247,这太棒了
1248,整天用纯黑壁纸的我 感觉没啥用
1249,好大
1250,罗永浩粉丝真的烦，一个营销传销段子手整天叽叽歪歪
1251,coooool
1252,张美玉学姐是你吗
1253,比的i7 1255U
1254,link start!
1255,还是外国的受众
1256,牛逼
1257,实况文本真的好用
1258,头发好美
1259,这不就是抄安卓的主题吗？
1260,前面的瞎说，支架499好吗
1261,安卓的个性化主题？
1262,细啊
1263,不懂问有什么用的人
1264,这个动画看的真是舒服
1265,o h h h h h h
1266,牛逼
1267,试问有哪个车厂给apple这么大权限 连仪表盘也接管？？？
1268,watch的功能
1269,库克是做库存管理出身的，不是技术
1270,这功能一直想要
1271,mac上safari比chrome好用太多了
1272,为什么他们的“毫斯”都这么大
1273,你有没有想过是这个视频的问题不是官方录播的问题。录播的都能调整怎么可能掉帧
1274,卧槽这个牛逼了
1275,刘海好看
1276,我也觉得cool，你有问题？
1277,哈哈哈以后就叫你搞笑男吧
1278,这种功能讲这么细，真是无语了，上来就催眠
1279,为什么要用耶稣做头像啊……
1280,Apple味的主题
1281,超级大国就这样？
1282,老嫂子的声线
1283,撤回 重新编辑？
1284,这印度口音 害怕
1285,我总觉得 国产机都有过这些
1286,EVA?
1287,花呗
1288,问有什么用的那位是每天都只穿一个颜色的衣服吗
1289,可以可以
1290,好棒啊！！！！
1291,xswl
1292,现在分为世界品牌和中国品牌 不互通
1293,来了来了
1294,没有字幕需要底下有个字幕按钮 点开就行
1295,没有字幕需要底下有个字幕按钮 点开就行
1296,好家伙
1297,←国内资本会考虑这个？
1298,这可以啊
1299,EVE
1300,该死 又到了苹果time了
1301,问有什么用？ 可以更美观 这就是用处
1302,牛逼
1303,好帅
1304,如果腾讯吧lol适配mac的话立刻就卖不犹豫
1305,太好看 了吧
1306,好家伙，全家iPhone计划
1307,你为了工作买了mac，然后你还不能奢望这么一台优秀的笔记本能玩游戏？
1308,果然有动作了
1309,中国震怒
1310,！牛逼
1311,好！好！
1312,《查看哪个B……站用户在你家门口》
1313,苹果前几年还推出过信用卡呢，后来国内厂商纷纷跟进，你猜猜它们是不是科技公司？
1314,帅
1315,都免息的还要挑刺？啧啧
1316,全面对标母公司
1317,这个要是支持数字人民币就好了，不过可惜应该没机会
1318,好
1319,极氪 比亚迪
1320,这个好
1321,卧槽
1322,果黑：PS的裤衩都被抄没了！
1323,割绳子草
1324,500尼特，户外办公够呛
1325,这个是抄的谁的裤衩？安卓党出来说下？
1326,没改变说挤牙膏，现在可自定义高了又说拥挤，不会说话建议闭嘴
1327,运动+Swift Playgrounds?
1328,为何没有apple music
1329,鸿蒙又有抄的了
1330,哈哈哈，航路规划能力
1331,早晚整成触屏版macos
1332,多邻国好评
1333,《鸡肋》
1334,please support Aplipay
1335,苹果创世的时候不那么认为
1336,这功能终于复活了？
1337,这个之前说过了啊，还没登陆么
1338,真得劲
1339,别社恐了，现在很多线上协作工具都这样
1340,高德？
1341,...
1342,疫情以来苹果针对线上活动整了不少东西啊
1343,不知道这个挂载硬件的东西有没有开放，整点活儿也好
1344,so。。。。
1345,应该也准备接班了
1346,这个强迫症真爽（踩点
1347,弹幕叫嚣的，你猜这合作是谁求谁？
1348,其实mac还是比较小众的生产力工具，保有量很难让厂商专门针对优化
1349,这个是各种酒店（邮轮）集团，可以共享房卡
1350,一款生化危机8，果粉赢了，一统天下了。。。
1351,嘿，适配了也未必，你可以去搜搜支持mac的大作实机
1352,微软行为
1353,早上好 钱备好 电脑硬件少不了
1354,小米好意思说，华为最先做。（华为都没说话
1355,你真逗，人家也得卖啊
1356,haha
1357,苹果是不是太强调亲友的“协作”了
1358,我觉得是全世界所有的技术都ban了Flash
1359,真是先进的技术呢
1360,和蔡徐坤一样厉害（doge
1361,特斯拉格格不入了
1362,腾讯文档呗
1363,中国怎么可能让苹果测绘地图
1364,生化危机8不算游戏是吧
1365,特斯拉咋办
1366,dlss?
1367,GTA6新主角？
1368,可以用b站自带的翻译字幕，中间下面
1369,极为先进
1370,好好
1371,哈哈哈哈
1372,？
1373,花里胡哨的苹果
1374,说的是6800h？
1375,这个功能好
1376,这个太需要了
1377,这些在中国都不会有
1378,我想说，锤子的第一代系统，就已经实现了无遮挡的锁屏壁纸，底部解锁滑块还带呼吸效果。记得嘛大家
1379,电影票也好用
1380,数据不在是数据而是能引导你变化的状态量
1381,好看
1382,加强版腾讯文档？
1383,蔡徐坤
1384,？
1385,Mac端还是Chrome好用一点
1386,不加入大家庭，最终的结果就是被淘汰
1387,我在看漫威？
1388,这些都不算游戏吧？
1389,这么帅
1390,来了
1391,我想我应该算是“人”吧？
1392,????????
1393,这都是啥啊
1394,wooooo
1395,?????
1396,niu
1397,计算器呢！
1398,什么时候可以吃鸡
1399,太鸡肋了
1400,好看
1401,老男人真tm帅
1402,苹果作为一家科技公司，居然也干起这种行当
1403,抖一下…屏幕直接面向大地
1404,good
1405,把任天堂和sony 一起收购了吧
1406,好好好好
1407,不能 刚才说过了 基于M1的内存交换技术
1408,现在mac上safari网页图片直接复制，体验太棒了
1409,这展示了个啥
1410,还有讴歌
1411,？？？？？？？？卧槽，直接抠图
1412,我的mac邮件已经挂了很久了
1413,????
1414,卧槽！
1415,和国内 根本不是一个宇宙的
1416,？？？？
1417,终于不用第三方工具了
1418,爱奇艺的服务在国外也有？？
1419,想抢鸿蒙市场
1420,黑白
1421,小米呢
1422,所以真的会有人用MAC玩游戏???
1423,MacBook Air是最纤薄的 你不知道？
1424,弹幕是吧
1425,直接抠图
1426,牛逼啊
1427,中国估计上不了
1428,库存克星
1429,volvo国内能不阉割吗
1430,BMW的新3/5系也是这样的屏幕
1431,确实超乎想象
1432,iMiUI
1433,？？？？？？？？？？？
1434,刘海好看
1435,小米：？？？
1436,downtown
1437,新颜色好看
1438,。。。这不是aw的功能吗
1439,卧槽 自动扣图
1440,哈哈哈 真实
1441,这...
1442,66666666
1443,小米有自己的生态圈和协议 需要别的吗？
1444,我笑死了
1445,说对表小米的先买块apple watch
1446,牛逼
1447,"这个布局盲猜奔驰C,S还有没发的新E"
1448,真的帅
1449,"BWM呢,上次我记得还是拿BWM演示的"
1450,我最爱用了。尤其机票非常好用
1451,surface laptop表示熟悉
1452,丰田对新技术是真的不能指望了
1453,华为的问界不是挺厉害的么
1454,确实CARPLAY方便快捷
1455,没有泳池
1456,5nm+
1457,好耶
1458,第一句肯定是good morning and welcome
1459,这个有点NB了
1460,笑死
1461,无语，怎么还有刘海
1462,这不是Apple watch的表盘功能吗
1463,澳门赌博还有么
1464,好看
1465,牙膏，不该还是能打
1466,骗子！不存在的app
1467,卧槽！
1468,WTF
1469,真好看
1470,没有，下一个
1471,Aqara c位
1472,微软早就有了 荣耀算什么东西
1473,这人好拽啊
1474,我还挺喜欢用苹果导航的，很简洁
1475,没有小米
1476,确实返祖，iOS9就是大封面锁屏，这个只是加了个动画
1477,来了M2
1478,哈哈哈哈太搞笑了
1479,认真的？？
1480,统一风格啊
1481,杠精呢？？？？
1482,锤科one step下方子公司
1483,？？？？？
1484,库克是要退休了吗？发布会只是点题和总结出现
1485,可以可以
1486,锤子手机分屏思路下放了
1487,你说是就是吧
1488,这样很方便
1489,好啊
1490,nice
1491,6666
1492,woc
1493,还热乎呢
1494,这个有用
1495,好用
1496,帅呀
1497,哈哈哈哈 讲个笑话：mac玩游戏
1498,好诡异….
1499,价格劝退
1500,空降
1501,我觉着楔形更显纤薄
1502,纤薄？
1503,能让他测绘？这几个国家哪个和美国关系不好？
1504,？？？？
1505,不能
1506,这就有点np了啊
1507,比亚迪666 
1508,wow
1509,放最大三指滑动不就行了？
1510,ze'h
1511,日產也還可以
1512,可惡，沒有豐田
1513,这广告拍的领先国内一个世纪
1514,母公司技术下放
1515,啥是爱奇艺
1516,2022年，ipad终于可以看天气了
1517,iPad pro已经比很多轻薄本性能强了，软件没有对应适配的功能而已。
1518,早干嘛去了。。。
1519,WOW
1520,越狱今天就能用
1521,公交卡很方便
1522,！！！！
1523,Apple 最佳开发者 Microsoft 来了
1524,洛圣都国际机场（LSIA）！
1525,没有米家？
1526,就iOS 16被遮住点
1527,？？？撤回？
1528,？
1529,点错了一下，把正在观看的 p……hub 的网页分享群发了
1530,你说是就是吧
1531,no国区
1532,居然没有丰田，丰田还不屈服啊！
1533,蒸蒸日上！
1534,人家说的是下个版本啊，你现在试验哈哈哈哈
1535,歌词功能呢
1536,苹果是故意把air边框做粗吗？
1537,运行一下 老头环 看看效果如何
1538,几年了
1539,讯飞输入法
1540,这些都是本来就应该有的啊
1541,"Good morning, and wlcome to WWDC."
1542,呦这不手工耿吗
1543,默默问一句，A12X设备能用嘛。
1544,用不了啊
1545,yue
1546,我虽然有了，在pc上玩过一遍了，但是如果你上Mac，我就买个看看Air跑的怎么样。
1547,来了
1548,日本人？
1549,母公司技术下放
1550,苹果你终于意识到这个问题了
1551,老罗牛逼
1552,66666
1553,这辈子能用上刷门禁卡吗
1554,什么房产销售
1555,Cool
1556,在国外这个确实还没有
1557,这种支持片假名吗 我怕片假名翻译成谐音汉字
1558,字幕在下面
1559,太棒了 
1560,还是不如电脑 谁会用ipad办公啊 除了记笔记和画画
1561,在锁屏壁纸上露出人脸，这根本不重要好吗
1562,互联网公司的尽头是借贷
1563,牛逼
1564,阿？？？苹果？？
1565,感觉这在中国用不上多少啊 尤其是iMessage
1566,……无语了
1567,返祖现象
1568,不得不说，苹果这部分相比国内厂商五五开了
1569,我的Air过时啦。呜呜呜才买一年
1570,...计算器呢
1571,卧槽！一直想要这个
1572,这也太阿拉伯了吧
1573,额电脑真不适合直平面
1574,这又是之前荣耀开发的功能
1575,苹果这几年是对直角边有什么执着吗
1576,pdd警告
1577,aiqiyi
1578,这有什么用
1579,离谱 终于有天气了
1580,个手机来什么全景声？
1581,罗永浩one step是吧
1582,全面对标小米
1583,这不就是Windows phone的功能吗
1584,终于有天气了
1585,字幕在哪呢
1586,这个不错
1587,这是哪国口语啊，好奇怪啊。
1588,集成网络软件
1589,听我说谢谢你
1590,要是在中国那表情包肯定是流汗黄豆（
1591,唱 跳 rap？
1592,简直是社恐的灾难场景，实时共享工作过程。。。
1593,笑死 中国是高德代理
1594,太酷了
1595,？
1596,6啊
1597,？？？
1598,我靠
1599,好看
1600,史诗级
1601,太“正确”了
1602,这么高的能效比啊
1603,NB！！！
1604,自己开啊
1605,对比三星Galaxy book2（12代i7
1606,忍住了不看新闻专门来看现场
1607,A15X
1608,哇塞
1609,爱奇艺厉害了
1610,弹幕呢
1611,沒有中國唄
1612,牛逼
1613,姿势极其嚣张
1614,这个好
1615,神界原罪2
1616,这段有点gay。。
1617,哈哈哈哈哈
1618,二百五十六
1619,爱奇艺很正常，本来就是美股上市的
1620,蘋果免息花唄
1621,全靠同行承托
1622,牛逼
1623,公交卡啊
1624,前面的你要笑死我
1625,牛逼
1626,这个可以有
1627,小米：底裤
1628,8错
1629,耶
1630,不用就不用 刷什么存在感
1631,apple music 和app store也要用钱包
1632,哈哈哈
1633,坐公交和地铁很方便
1634,全面对标MiUI
1635,好
1636,IRON MAN？
1637,技术下放子公司了
1638,没有字幕呀
1639,笑死，根本不用苹果钱包
1640,！这功能牛逼
1641,爱奇艺？！
1642,说实话不如长按空格键好
1643,？
1644,简称：在中国不常用
1645,？
1646,啊对对对
1647,6666
1648,太秀了
